game_number	player_bankrupt	turn
1	Hero	25
1	Bob	25
1	Alice	105
3	Bob	56
3	Alice	66
3	Hero	69
4	Bob	42
4	Hero	43
4	Charly	51
6	Charly	27
6	Alice	33
6	Hero	35
7	Bob	31
7	Hero	34
7	Alice	37
8	Charly	32
8	Bob	47
8	Hero	53
9	Charly	41
9	Hero	44
9	Bob	51
10	Charly	18
10	Hero	20
10	Bob	24
14	Alice	25
14	Hero	32
14	Bob	36
17	Charly	31
17	Alice	35
17	Bob	36
18	Charly	44
18	Bob	50
18	Hero	56
19	Charly	40
19	Alice	59
19	Hero	60
20	Charly	59
20	Bob	73
20	Alice	80
22	Hero	25
22	Alice	35
22	Charly	38
23	Charly	20
23	Alice	32
23	Bob	39
26	Charly	31
26	Bob	37
26	Hero	62
30	Hero	29
30	Alice	35
30	Bob	47
29	Hero	66
29	Charly	67
29	Alice	69
32	Hero	40
32	Charly	40
32	Bob	46
31	Bob	37
31	Charly	62
31	Hero	71
33	Bob	31
33	Alice	51
33	Charly	57
34	Alice	49
34	Hero	51
34	Bob	60
35	Charly	22
35	Bob	30
35	Hero	36
36	Hero	55
36	Charly	55
36	Bob	61
37	Bob	35
37	Alice	38
37	Charly	46
39	Hero	34
39	Alice	36
39	Bob	36
41	Bob	36
41	Hero	37
41	Alice	47
40	Bob	65
40	Alice	94
45	Hero	32
45	Alice	42
45	Bob	53
46	Charly	26
46	Hero	42
46	Alice	62
47	Charly	27
47	Bob	94
47	Alice	126
50	Alice	36
50	Charly	44
50	Bob	51
49	Charly	54
49	Hero	94
49	Bob	100
48	Hero	74
48	Alice	99
48	Bob	115
51	Charly	21
51	Bob	24
51	Hero	36
54	Hero	54
54	Charly	68
54	Bob	91
56	Hero	24
56	Bob	35
56	Alice	49
57	Charly	31
57	Alice	33
57	Hero	33
58	Bob	27
58	Alice	28
58	Charly	31
59	Hero	40
59	Charly	42
59	Alice	49
60	Charly	37
60	Bob	49
60	Alice	67
62	Alice	130
62	Charly	155
65	Bob	28
65	Charly	39
65	Alice	46
68	Hero	23
68	Alice	24
68	Charly	30
72	Bob	19
72	Charly	28
72	Alice	39
71	Alice	58
71	Hero	63
71	Charly	69
70	Charly	105
70	Bob	155
70	Hero	213
74	Hero	21
74	Bob	25
74	Charly	45
75	Bob	41
75	Alice	44
75	Charly	56
77	Hero	24
77	Charly	53
77	Alice	59
79	Alice	37
79	Hero	54
79	Charly	58
80	Alice	58
80	Charly	60
80	Bob	64
82	Alice	48
82	Charly	49
82	Hero	101
83	Hero	72
83	Charly	76
83	Bob	77
86	Alice	37
86	Hero	37
86	Charly	65
89	Charly	36
89	Alice	38
89	Hero	40
90	Hero	29
90	Bob	39
90	Charly	43
92	Charly	30
92	Alice	48
92	Hero	52
93	Charly	38
93	Hero	38
93	Alice	52
95	Alice	44
95	Hero	76
95	Bob	94
97	Charly	67
97	Alice	72
97	Hero	72
99	Charly	18
99	Bob	27
99	Alice	79
98	Charly	52
98	Hero	77
98	Alice	137
100	Charly	47
100	Alice	61
100	Hero	85
101	Charly	30
101	Hero	41
101	Bob	72
103	Alice	55
103	Charly	68
103	Bob	68
106	Hero	51
106	Charly	53
106	Alice	53
108	Charly	20
108	Alice	33
108	Bob	34
110	Charly	44
110	Bob	79
110	Hero	95
112	Hero	67
112	Charly	71
112	Bob	105
113	Alice	29
113	Bob	41
113	Hero	52
115	Hero	47
115	Charly	52
115	Alice	53
117	Alice	84
117	Hero	87
117	Bob	94
122	Charly	43
122	Alice	48
122	Hero	55
123	Bob	32
123	Charly	57
123	Hero	63
125	Charly	20
125	Hero	21
125	Alice	32
124	Bob	37
124	Charly	51
124	Alice	69
126	Alice	41
126	Charly	48
126	Bob	54
127	Hero	40
127	Charly	52
127	Bob	60
128	Hero	32
128	Charly	43
128	Bob	52
129	Alice	57
129	Charly	61
129	Hero	66
130	Bob	30
130	Hero	34
130	Alice	44
133	Hero	58
133	Alice	66
133	Bob	70
132	Alice	36
132	Hero	40
132	Bob	79
134	Charly	26
134	Hero	29
134	Alice	31
135	Hero	18
135	Alice	23
135	Charly	45
136	Hero	48
136	Bob	49
136	Alice	55
137	Hero	98
137	Alice	102
138	Alice	35
138	Bob	65
138	Hero	94
139	Hero	62
139	Alice	76
139	Bob	79
141	Alice	28
141	Charly	31
141	Hero	35
140	Alice	63
140	Bob	67
140	Charly	67
143	Alice	59
143	Charly	61
143	Bob	67
142	Bob	73
142	Alice	74
142	Hero	109
147	Bob	31
147	Alice	42
147	Charly	62
146	Alice	27
146	Hero	35
146	Bob	73
151	Hero	50
151	Charly	52
151	Bob	59
152	Charly	34
152	Hero	43
152	Bob	83
153	Hero	37
153	Alice	48
153	Bob	123
156	Charly	18
156	Alice	27
156	Hero	52
157	Bob	45
157	Charly	56
157	Hero	57
158	Bob	50
158	Hero	52
158	Charly	60
159	Hero	35
159	Charly	36
159	Alice	52
160	Hero	49
160	Charly	58
160	Alice	85
161	Charly	74
161	Alice	85
161	Bob	98
163	Charly	49
163	Alice	52
163	Hero	54
164	Charly	50
164	Hero	54
164	Bob	70
166	Bob	41
166	Charly	48
166	Alice	60
165	Bob	51
165	Charly	85
165	Alice	89
168	Charly	36
168	Alice	41
168	Hero	45
170	Alice	44
170	Charly	45
170	Bob	53
172	Hero	41
172	Bob	42
172	Alice	54
173	Hero	26
173	Alice	26
173	Bob	38
177	Hero	40
177	Alice	45
177	Bob	53
175	Bob	31
175	Alice	53
175	Hero	56
174	Alice	42
174	Bob	45
174	Hero	56
176	Hero	46
176	Bob	47
176	Alice	51
179	Bob	35
179	Hero	42
179	Alice	46
178	Alice	48
178	Hero	52
178	Bob	84
180	Hero	47
180	Charly	64
180	Alice	66
183	Hero	44
183	Bob	54
183	Charly	57
185	Alice	28
185	Bob	31
185	Charly	56
188	Charly	42
188	Alice	52
188	Hero	57
189	Hero	29
189	Bob	52
189	Alice	105
192	Alice	27
192	Bob	48
192	Hero	53
191	Hero	37
191	Bob	37
191	Charly	92
194	Charly	43
194	Alice	52
194	Bob	68
196	Charly	62
196	Bob	68
196	Alice	73
197	Bob	24
197	Charly	30
197	Alice	109
198	Bob	25
198	Charly	36
198	Alice	39
200	Alice	40
200	Hero	52
200	Charly	83
201	Hero	34
201	Charly	60
201	Bob	97
203	Charly	59
203	Hero	62
203	Alice	81
204	Alice	40
204	Charly	40
204	Hero	46
205	Hero	45
205	Bob	47
205	Alice	52
208	Bob	37
208	Hero	43
208	Charly	52
206	Charly	103
206	Hero	107
206	Alice	112
209	Alice	34
209	Charly	43
209	Hero	61
210	Alice	26
210	Charly	32
210	Bob	33
213	Alice	34
213	Hero	36
213	Charly	59
207	Bob	141
207	Hero	145
207	Charly	151
212	Charly	66
212	Bob	76
212	Hero	82
214	Alice	33
214	Charly	46
214	Hero	64
215	Hero	34
215	Bob	37
215	Alice	60
218	Hero	43
218	Bob	43
218	Charly	50
217	Bob	59
217	Hero	60
217	Charly	69
216	Alice	25
216	Hero	48
216	Charly	59
219	Bob	48
219	Alice	57
219	Hero	67
221	Alice	42
221	Bob	52
221	Charly	72
220	Hero	15
220	Alice	36
220	Bob	79
222	Bob	50
222	Charly	64
222	Alice	65
225	Bob	41
225	Hero	41
225	Charly	46
226	Alice	14
226	Charly	15
226	Hero	58
228	Bob	29
228	Hero	39
228	Alice	48
227	Alice	60
227	Bob	64
227	Hero	70
231	Hero	39
231	Charly	39
231	Bob	47
232	Hero	33
232	Alice	35
232	Charly	47
230	Charly	38
230	Hero	58
230	Alice	75
233	Bob	33
233	Alice	35
233	Charly	51
235	Charly	45
235	Alice	57
235	Hero	59
237	Alice	27
237	Hero	29
237	Bob	41
238	Charly	54
238	Hero	56
238	Bob	65
239	Hero	45
239	Alice	62
239	Bob	91
242	Bob	25
242	Charly	41
242	Hero	44
243	Hero	30
243	Charly	33
245	Hero	54
245	Bob	56
245	Alice	78
248	Alice	26
248	Charly	29
248	Hero	31
250	Charly	37
250	Alice	38
250	Hero	42
251	Alice	35
251	Bob	48
251	Hero	53
253	Bob	44
253	Alice	50
253	Charly	52
254	Bob	49
254	Charly	55
254	Alice	57
255	Bob	45
255	Charly	48
255	Alice	60
258	Charly	43
258	Alice	62
258	Bob	73
259	Hero	35
259	Alice	40
259	Charly	40
261	Charly	50
261	Bob	65
261	Alice	70

262	Charly	47
262	Hero	64
262	Alice	69
265	Hero	16
265	Bob	26
265	Alice	37
266	Hero	56
266	Bob	61
266	Charly	87
269	Charly	50
269	Bob	60
269	Hero	71
268	Hero	45
268	Bob	51
268	Charly	53
270	Charly	63
270	Bob	73
270	Alice	90
273	Bob	60
273	Hero	86
273	Alice	99
274	Charly	34
274	Hero	45
274	Alice	54
277	Alice	63
277	Hero	68
277	Charly	79
280	Charly	39
280	Bob	52
280	Hero	61
282	Hero	37
282	Charly	47
282	Bob	56
275	Charly	315
285	Charly	27
285	Bob	31
285	Alice	37
286	Alice	43
286	Hero	49
286	Charly	51
287	Bob	36
287	Alice	41
287	Charly	72
288	Charly	32
288	Bob	44
288	Alice	55
290	Bob	35
290	Hero	37
290	Alice	44
289	Charly	46
289	Hero	54
289	Bob	62
294	Alice	57
294	Hero	61
294	Charly	64
291	Bob	41
291	Alice	44
291	Hero	77
293	Bob	46
293	Hero	47
293	Alice	55
292	Bob	38
292	Hero	95
292	Alice	101
298	Alice	48
298	Bob	49
298	Hero	57
296	Hero	40
296	Alice	41
296	Bob	50
299	Charly	59
299	Alice	68
299	Hero	70
300	Alice	33
300	Bob	47
300	Charly	55
302	Charly	32
302	Alice	34
302	Hero	38
303	Alice	18
303	Hero	25
303	Charly	28
305	Charly	19
305	Alice	24
305	Bob	53
306	Bob	44
306	Alice	48
306	Hero	48
308	Hero	29
308	Charly	31
308	Alice	34
310	Bob	57
310	Alice	64
310	Hero	90
311	Alice	67
311	Bob	68
311	Charly	81
312	Charly	44
312	Alice	56
312	Hero	68
313	Charly	45
313	Bob	48
313	Alice	80
314	Bob	40
314	Alice	43
314	Hero	46
316	Alice	55
316	Bob	64
316	Charly	67
317	Hero	35
317	Charly	47
317	Alice	70
320	Charly	17
320	Bob	21
320	Alice	28
319	Bob	26
319	Hero	45
319	Charly	62
322	Alice	44
322	Bob	60
322	Charly	71
315	Alice	281
325	Alice	39
325	Hero	41
325	Charly	49
324	Bob	42
324	Alice	63
324	Hero	88
327	Charly	33
327	Alice	66
327	Hero	67
326	Alice	57
326	Bob	69
326	Hero	81
330	Hero	27
330	Bob	30
330	Charly	30
332	Hero	23
332	Charly	28
332	Bob	31
334	Hero	33
334	Alice	47
334	Charly	67
333	Bob	32
333	Hero	45
333	Alice	50
336	Alice	52
336	Bob	58
336	Charly	58
337	Charly	45
337	Hero	55
337	Alice	90
340	Alice	17
340	Hero	29
340	Bob	29
339	Bob	40
339	Charly	43
339	Alice	48
342	Charly	54
342	Alice	58
342	Bob	61
341	Charly	60
341	Hero	78
341	Alice	154
344	Hero	35
344	Alice	39
344	Charly	40
343	Bob	28
343	Charly	31
343	Hero	38
347	Alice	52
347	Hero	57
347	Charly	62
350	Alice	33
350	Bob	41
350	Charly	44
351	Hero	52
351	Alice	69
351	Charly	70
352	Alice	37
352	Bob	47
352	Hero	48
353	Bob	43
353	Hero	59
353	Alice	62
354	Charly	52
354	Hero	62
354	Alice	68
356	Hero	53
356	Charly	56
356	Bob	61
358	Alice	47
358	Charly	52
358	Hero	65
359	Bob	31
359	Alice	33
359	Charly	47
361	Charly	42
361	Hero	44
361	Bob	53
363	Bob	35
363	Hero	38
363	Charly	41
365	Alice	73
365	Bob	86
365	Hero	111
366	Bob	19
366	Alice	41
366	Hero	43
368	Bob	35
368	Charly	54
368	Alice	55
369	Hero	32
369	Bob	44
369	Charly	62
372	Charly	52
372	Alice	61
372	Bob	70
373	Alice	31
373	Charly	32
373	Hero	35
374	Charly	12
374	Hero	14
374	Bob	16
370	Bob	95
370	Charly	106
370	Hero	122
376	Alice	37
376	Charly	63
376	Bob	75
377	Hero	45
377	Alice	59
377	Bob	68
378	Alice	47
378	Hero	66
378	Bob	68
380	Charly	43
380	Bob	43
380	Hero	54
382	Bob	27
382	Charly	33
382	Alice	42
384	Charly	38
384	Hero	47
384	Bob	124
385	Hero	57
385	Charly	59
385	Alice	80
386	Charly	30
386	Hero	34
386	Bob	67
387	Bob	38
387	Alice	38
387	Charly	38
389	Hero	52
389	Charly	54
389	Alice	63
390	Charly	38
390	Alice	41
390	Hero	46
392	Alice	49
392	Bob	55
392	Charly	58
395	Alice	70
395	Charly	71
395	Hero	81
396	Hero	37
396	Alice	41
396	Bob	44
397	Bob	17
397	Charly	17
397	Hero	26
398	Hero	16
398	Bob	19
398	Alice	30
399	Hero	27
399	Bob	53
399	Charly	63
400	Charly	36
400	Hero	42
400	Alice	51
401	Bob	33
401	Hero	45
401	Alice	53
402	Bob	21
402	Alice	27
402	Charly	32
403	Hero	35
403	Charly	42
403	Alice	48
406	Bob	32
406	Alice	34
406	Charly	35
405	Hero	45
405	Bob	69
405	Alice	81
407	Charly	27
407	Hero	39
407	Alice	63
409	Alice	26
409	Hero	31
409	Bob	52
410	Bob	50
410	Hero	57
410	Charly	58
413	Alice	36
413	Hero	44
413	Bob	44
411	Bob	47
411	Alice	49
411	Hero	85
414	Hero	52
414	Bob	72
414	Alice	73
416	Hero	50
416	Charly	61
416	Alice	66
418	Hero	25
418	Bob	27
418	Charly	44
420	Alice	53
420	Charly	56
420	Bob	59
419	Hero	47
419	Charly	53
419	Bob	60
422	Alice	46
422	Charly	50
422	Hero	58
424	Alice	33
424	Charly	37
424	Hero	56
423	Hero	93
423	Alice	97
423	Bob	146
425	Alice	44
425	Hero	57
425	Charly	76
426	Bob	32
426	Alice	50
426	Hero	58
429	Charly	49
429	Alice	62
429	Hero	71
428	Alice	61
428	Hero	69
428	Bob	119
430	Bob	59
430	Alice	78
430	Hero	90
431	Charly	45
431	Hero	72
431	Alice	89
432	Alice	40
432	Hero	48
432	Charly	54
433	Charly	40
433	Bob	54
433	Alice	58
437	Bob	53
437	Alice	58
437	Hero	63
435	Hero	78
435	Bob	92
435	Alice	96
436	Alice	85
436	Hero	93
436	Charly	105
438	Bob	26
438	Charly	36
438	Hero	42
441	Alice	40
441	Hero	69
441	Charly	94
440	Bob	89
440	Charly	104
440	Hero	118
443	Hero	28
443	Charly	36
443	Alice	44
445	Charly	47
445	Bob	52
445	Hero	62
444	Alice	66
444	Hero	70
444	Charly	73
446	Hero	72
446	Alice	92
446	Charly	94
447	Alice	50
447	Charly	55
447	Bob	77
451	Bob	52
451	Hero	62
451	Charly	62
449	Hero	64
449	Bob	72
449	Charly	84
452	Alice	24
452	Charly	36
452	Bob	39
454	Charly	53
454	Hero	53
454	Alice	63
453	Alice	42
453	Charly	172
453	Hero	210
456	Bob	37
456	Charly	41
456	Alice	58
457	Hero	21
457	Bob	24
457	Charly	25
458	Alice	30
458	Charly	41
458	Bob	50
459	Hero	51
459	Bob	52
459	Charly	66
461	Alice	100
461	Charly	145
461	Hero	148
464	Hero	36
464	Charly	38
464	Alice	48
462	Bob	28
462	Alice	38
462	Hero	65
465	Bob	26
465	Charly	31
465	Hero	63
466	Alice	25
466	Bob	45
466	Charly	46
469	Hero	34
469	Alice	37
469	Bob	42
467	Bob	93
467	Alice	105
467	Charly	120
468	Alice	22
468	Hero	29
468	Bob	47
472	Hero	39
472	Bob	49
472	Alice	54
471	Bob	42
471	Charly	46
471	Alice	57
470	Alice	32
470	Charly	40
470	Bob	52
474	Alice	29
474	Hero	52
474	Charly	70
475	Hero	50
475	Charly	52
475	Bob	55
477	Bob	56
477	Charly	60
477	Alice	65
480	Bob	30
480	Alice	36
480	Charly	45
479	Alice	53
479	Bob	57
479	Charly	60
478	Charly	55
478	Alice	80
478	Hero	94
481	Alice	34
481	Hero	34
481	Bob	42
483	Bob	42
483	Charly	42
483	Alice	48
482	Bob	52
482	Charly	56
482	Hero	57
485	Alice	29
485	Charly	48
485	Bob	52
484	Bob	53
484	Alice	59
484	Hero	64
486	Charly	21
486	Hero	36
486	Alice	48
487	Bob	55
487	Charly	62
487	Alice	66
490	Alice	53
490	Charly	68
490	Hero	80
491	Hero	29
491	Charly	30
491	Alice	42
492	Alice	33
492	Bob	40
492	Charly	41
493	Alice	62
493	Bob	63
493	Hero	63
498	Bob	33
498	Charly	40
498	Alice	43
499	Bob	41
499	Alice	47
499	Hero	68
500	Hero	47
500	Alice	54
500	Bob	68
501	Alice	37
501	Charly	40
501	Hero	51
502	Alice	46
502	Hero	55
502	Charly	67
503	Hero	40
503	Bob	46
503	Charly	58
504	Bob	47
504	Hero	47
504	Charly	49
505	Alice	45
505	Bob	72
505	Charly	76
506	Charly	33
506	Alice	40
506	Bob	48
507	Alice	30
507	Charly	39
507	Hero	39
508	Charly	30
508	Hero	37
508	Bob	41
511	Bob	31
511	Hero	40
511	Alice	50
512	Hero	36
512	Bob	44
512	Charly	48
514	Charly	47
514	Bob	51
513	Charly	65
513	Bob	73
513	Hero	82
515	Hero	30
515	Charly	44
515	Bob	46
516	Hero	49
516	Alice	49
516	Charly	53
520	Alice	42
520	Bob	57
520	Hero	69
521	Charly	30
521	Alice	32
521	Bob	42
524	Hero	35
524	Charly	58
524	Alice	81
525	Bob	19
525	Alice	29
525	Hero	30
522	Bob	48
522	Charly	55
522	Hero	80
528	Hero	57
528	Charly	65
528	Alice	65
527	Alice	47
527	Bob	66
527	Hero	114
529	Charly	26
529	Hero	28
529	Alice	41
530	Hero	34
530	Bob	54
532	Bob	57
532	Alice	62
532	Charly	67
533	Alice	36
533	Bob	41
533	Charly	60
534	Charly	37
534	Alice	53
534	Hero	77
535	Hero	33
535	Charly	33
535	Alice	74
536	Alice	46
536	Hero	48
536	Charly	72
538	Charly	43
538	Bob	46
538	Hero	47
541	Hero	47
541	Bob	52
541	Charly	58
542	Charly	222
544	Charly	41
544	Alice	73
544	Hero	75
549	Charly	33
549	Hero	35
549	Bob	39
548	Alice	43
548	Bob	72
548	Hero	82
550	Hero	35
550	Bob	41
550	Charly	48
551	Bob	45
551	Hero	52
551	Charly	55
552	Charly	50
552	Hero	57
552	Bob	58
554	Hero	41
554	Alice	50
554	Charly	50
553	Alice	77
553	Bob	86
553	Hero	91
557	Alice	29
557	Bob	49
557	Hero	60
559	Bob	78
559	Charly	80
559	Hero	82
562	Hero	26
562	Charly	27
562	Bob	39
561	Hero	32
561	Charly	44
561	Alice	66
560	Alice	91
560	Hero	100
560	Bob	100
563	Hero	33
563	Alice	34
563	Bob	46
565	Charly	37
565	Bob	39
565	Alice	54
566	Hero	36
566	Charly	36
566	Alice	46
567	Charly	13
567	Bob	16
567	Alice	22
568	Bob	29
568	Charly	42
568	Alice	69
570	Charly	48
570	Alice	52
570	Hero	75
571	Alice	43
571	Charly	51
571	Hero	76
573	Alice	72
573	Hero	103
573	Bob	143
575	Bob	21
575	Charly	22
575	Alice	28
574	Hero	32
574	Bob	47
574	Alice	56
576	Hero	31
576	Alice	35
576	Bob	48
577	Hero	49
577	Alice	53
577	Charly	53
581	Charly	26
581	Bob	37
581	Hero	48
580	Hero	52
580	Charly	61
580	Bob	71
579	Alice	63
579	Hero	96
579	Charly	99
582	Charly	36
582	Alice	39
582	Bob	41
584	Alice	25
584	Charly	36
584	Hero	58
585	Bob	74
585	Charly	81
585	Alice	88
586	Charly	66
586	Bob	68
586	Hero	103
589	Charly	40
589	Hero	47
589	Alice	51
588	Bob	41
588	Alice	43
588	Hero	60
590	Charly	59
590	Alice	61
590	Bob	62
591	Charly	23
591	Alice	26
591	Hero	30
594	Charly	31
594	Alice	37
594	Hero	48
595	Charly	35
595	Alice	37
595	Bob	41
596	Hero	31
596	Charly	53
596	Alice	57
598	Alice	41
598	Charly	44
598	Hero	58
599	Hero	35
599	Alice	36
599	Bob	39
600	Alice	37
600	Bob	38
600	Hero	51
601	Alice	27
601	Charly	36
601	Hero	44
605	Hero	29
605	Alice	34
605	Charly	39
609	Hero	25
609	Charly	26
609	Bob	29
608	Bob	32
608	Charly	39
608	Hero	47
607	Charly	35
607	Bob	60
607	Hero	85
611	Bob	35
611	Hero	38
611	Alice	42
613	Bob	18
613	Charly	40
613	Hero	63
612	Charly	43
612	Bob	54
612	Hero	59
614	Bob	42
614	Charly	51
614	Alice	51
615	Bob	32
615	Hero	35
615	Charly	40
616	Charly	32
616	Alice	34
616	Hero	39
618	Charly	36
618	Hero	43
618	Alice	51
620	Alice	71
620	Hero	113
620	Charly	118
622	Hero	30
622	Charly	50
622	Bob	65
623	Hero	25
623	Bob	30
623	Charly	39
624	Charly	53
624	Alice	67
624	Bob	73
626	Charly	47
626	Alice	58
626	Bob	63
625	Hero	37
625	Alice	54
625	Charly	57
627	Alice	41
627	Charly	44
627	Bob	47
629	Bob	44
629	Hero	52
629	Alice	55
630	Bob	68
630	Charly	72
630	Hero	91
632	Alice	78
632	Hero	85
632	Charly	92
633	Alice	26
633	Bob	32
633	Hero	32
634	Hero	26
634	Alice	27
634	Bob	32
635	Alice	35
635	Bob	47
635	Hero	50
637	Alice	27
637	Hero	32
637	Bob	43
636	Charly	79
636	Alice	88
636	Bob	114
640	Bob	36
640	Charly	40
640	Alice	48
638	Alice	55
638	Charly	74
638	Hero	124
641	Hero	30
641	Charly	34
641	Alice	40
642	Bob	55
642	Charly	60
642	Hero	69
643	Charly	35
643	Hero	46
643	Bob	49
644	Charly	35
644	Alice	41
644	Hero	52
645	Bob	21
645	Charly	29
645	Hero	41
647	Bob	38
647	Hero	42
647	Alice	53
649	Charly	25
649	Bob	32
649	Hero	41
650	Bob	40
650	Hero	59
650	Charly	68
653	Charly	40
653	Bob	46
653	Hero	48
654	Alice	30
654	Bob	40
654	Hero	58
655	Charly	20
655	Alice	21
655	Hero	30
656	Bob	70
656	Charly	77
656	Alice	77
657	Bob	33
657	Charly	36
657	Alice	43
660	Bob	30
660	Alice	31
660	Charly	40
658	Charly	36
658	Alice	46
658	Bob	53
663	Alice	52
663	Hero	52
663	Bob	54
661	Alice	52
661	Hero	89
661	Bob	103
665	Hero	47
665	Alice	62
665	Bob	63
664	Bob	46
664	Alice	49
664	Charly	109
666	Bob	37
666	Hero	39
666	Alice	55
667	Bob	40
667	Hero	49
667	Alice	74
668	Hero	26
668	Charly	29
668	Bob	30
670	Alice	43
670	Hero	44
670	Bob	46
671	Alice	46
671	Charly	51
671	Bob	53
673	Charly	32
673	Alice	41
673	Bob	70
675	Hero	36
675	Alice	41
675	Charly	93
678	Charly	30
678	Hero	51
678	Bob	56
677	Alice	38
677	Charly	49
677	Hero	62
680	Alice	44
680	Charly	47
680	Bob	52
682	Charly	51
682	Bob	61
682	Hero	84
683	Charly	52
683	Alice	63
683	Hero	63
684	Alice	28
684	Hero	48
684	Bob	56
681	Charly	186
681	Hero	194
681	Bob	196
687	Hero	35
687	Alice	41
687	Bob	44
689	Hero	49
689	Alice	50
689	Bob	53
688	Alice	102
688	Hero	128
688	Charly	151
692	Hero	34
692	Alice	36
692	Bob	46
691	Charly	46
691	Bob	54
691	Hero	63
690	Bob	74
690	Hero	80
690	Charly	87
694	Hero	49
694	Charly	50
694	Bob	60
697	Bob	25
697	Hero	26
697	Charly	32
693	Charly	100
693	Hero	129
693	Alice	146
700	Charly	27
700	Alice	40
700	Bob	73
702	Charly	39
702	Bob	41
702	Hero	56
703	Hero	73
703	Bob	88
703	Alice	92
705	Alice	26
705	Bob	30
705	Hero	36
704	Alice	41
704	Hero	48
704	Bob	59
707	Bob	20
707	Hero	26
707	Alice	41
706	Bob	50
706	Alice	68
706	Charly	84
708	Alice	70
708	Bob	86
708	Charly	86
710	Charly	43
710	Hero	47
710	Alice	59
712	Charly	35
712	Alice	53
712	Bob	68
714	Bob	22
714	Charly	32
714	Hero	41
715	Charly	42
715	Alice	51
715	Bob	69
716	Charly	34
716	Bob	40
716	Hero	64
718	Hero	59
718	Alice	63
718	Charly	64
719	Charly	43
719	Hero	52
719	Alice	58
722	Alice	55
722	Charly	56
722	Bob	56
721	Hero	71
721	Alice	75
721	Bob	76
720	Hero	59
720	Alice	70
720	Bob	100
724	Bob	40
724	Alice	40
724	Hero	41
725	Alice	31
725	Hero	35
725	Charly	38
726	Charly	47
726	Alice	57
726	Bob	60
723	Hero	42
723	Alice	48
723	Bob	62
729	Charly	26
729	Hero	31
729	Alice	34
728	Bob	38
728	Charly	41
728	Alice	45
727	Charly	44
727	Bob	52
727	Hero	70
731	Charly	42
731	Hero	42
731	Alice	48
733	Charly	39
733	Hero	39
733	Alice	53
732	Charly	41
732	Alice	42
732	Bob	60
734	Hero	42
734	Charly	46
734	Alice	65
736	Alice	41
736	Bob	43
736	Hero	45
737	Bob	32
737	Alice	43
737	Charly	47
738	Charly	47
738	Hero	48
738	Alice	53
739	Hero	36
739	Bob	39
739	Charly	52
742	Bob	22
742	Hero	30
742	Alice	42
741	Charly	44
741	Alice	45
741	Bob	47
744	Alice	68
744	Charly	98
744	Bob	116
747	Hero	28
747	Bob	33
747	Alice	37
746	Charly	50
746	Bob	58
746	Alice	68
749	Bob	38
749	Alice	43
749	Hero	52
748	Hero	62
748	Charly	71
748	Alice	72
751	Charly	49
751	Bob	62
751	Alice	64
752	Alice	16
752	Bob	17
752	Hero	17
755	Hero	31
755	Alice	32
755	Charly	34
753	Alice	34
753	Hero	45
753	Bob	51
754	Hero	22
754	Bob	28
754	Charly	47
756	Hero	34
756	Alice	45
756	Charly	50
757	Hero	73
757	Bob	75
757	Alice	89
759	Charly	34
759	Bob	35
759	Alice	62
760	Alice	34
760	Bob	36
760	Hero	50
758	Bob	114
758	Alice	116
758	Hero	121
762	Bob	59
762	Hero	65
762	Alice	80
763	Hero	50
763	Alice	55
763	Charly	65
765	Bob	20
765	Alice	36
765	Charly	39
767	Alice	41
767	Bob	43
767	Hero	44
769	Bob	50
769	Hero	57
769	Alice	59
772	Bob	45
772	Alice	63
772	Hero	65
774	Charly	56
774	Bob	72
774	Hero	76
775	Hero	22
775	Bob	24
775	Charly	28
776	Charly	115
776	Hero	118
776	Bob	153
781	Hero	15
781	Alice	22
781	Bob	24
780	Charly	55
780	Alice	59
780	Hero	69
779	Alice	74
779	Charly	74
779	Hero	77
782	Hero	31
782	Charly	32
782	Bob	38
778	Alice	89
778	Charly	109
778	Hero	113
783	Alice	44
783	Hero	50
783	Charly	54
790	Charly	54
790	Alice	59
790	Hero	62
788	Charly	57
788	Alice	81
788	Hero	140
791	Alice	40
791	Hero	42
791	Charly	54
792	Hero	60
792	Alice	61
792	Charly	63
793	Charly	47
793	Bob	63
793	Hero	74
794	Alice	27
794	Charly	30
794	Hero	42
796	Alice	30
796	Charly	34
796	Bob	35
797	Hero	33
797	Alice	47
797	Charly	52
798	Charly	44
798	Alice	58
798	Bob	66
799	Hero	46
799	Alice	52
800	Hero	40
800	Charly	44
800	Bob	63
802	Hero	36
802	Charly	38
802	Alice	44
803	Hero	36
803	Bob	41
803	Alice	45
804	Alice	38
804	Bob	41
804	Hero	47
806	Alice	30
806	Bob	68
806	Hero	90
807	Alice	66
807	Hero	81
807	Charly	86
808	Charly	29
808	Hero	65
808	Bob	69
809	Charly	24
809	Alice	32
809	Hero	39
812	Alice	49
812	Hero	52
812	Charly	60
813	Bob	25
813	Charly	37
813	Hero	44
819	Alice	52
819	Hero	66
819	Charly	69
821	Bob	34
821	Alice	43
821	Charly	54
822	Alice	68
822	Bob	76
822	Charly	87
823	Alice	41
823	Charly	45
823	Bob	52
815	Hero	678
826	Alice	48
826	Charly	61
826	Hero	76
827	Hero	27
827	Charly	50
827	Alice	84
829	Alice	34
829	Hero	41
829	Charly	44
830	Charly	33
830	Bob	34
830	Hero	54
831	Hero	37
831	Charly	43
831	Bob	51
832	Bob	57
832	Alice	59
832	Hero	63
833	Bob	42
833	Hero	42
833	Alice	44
835	Bob	46
835	Alice	53
835	Charly	62
838	Hero	50
838	Alice	50
838	Bob	53
839	Alice	43
839	Charly	46
839	Bob	54
840	Charly	28
840	Alice	35
840	Hero	46
842	Bob	29
842	Alice	42
842	Hero	43
844	Charly	35
844	Hero	40
844	Bob	43
843	Charly	34
843	Alice	38
843	Hero	39
846	Bob	50
846	Alice	71
846	Charly	123
834	Charly	450
834	Bob	481
847	Charly	27
847	Alice	42
847	Bob	43
848	Hero	38
848	Bob	42
848	Alice	77
841	Bob	69
853	Bob	34
853	Charly	39
853	Hero	56
852	Hero	37
852	Alice	41
852	Bob	59
854	Charly	40
854	Hero	41
854	Bob	45
856	Alice	47
856	Charly	49
856	Bob	74
857	Hero	98
857	Alice	104
857	Charly	116
858	Bob	63
858	Charly	71
858	Hero	107
859	Charly	40
859	Alice	51
859	Hero	59
862	Alice	35
862	Bob	38
862	Hero	54
863	Alice	65
863	Hero	72
863	Bob	77
865	Alice	46
865	Hero	61
865	Bob	68
869	Bob	42
869	Hero	45
869	Charly	46
873	Hero	43
873	Charly	44
873	Bob	52
871	Hero	65
871	Charly	158
871	Bob	176
872	Charly	93
872	Hero	104
872	Bob	111
874	Hero	35
874	Bob	38
874	Charly	41
875	Charly	31
875	Hero	45
875	Bob	64
878	Alice	56
878	Charly	79
878	Bob	85
882	Alice	31
882	Hero	32
882	Bob	33
886	Hero	33
886	Charly	34
886	Alice	70
885	Alice	118
885	Hero	121
885	Bob	148
887	Alice	36
887	Bob	36
887	Hero	79
888	Bob	21
888	Charly	51
888	Hero	63
889	Alice	34
889	Hero	58
889	Charly	61
890	Charly	46
890	Bob	51
890	Alice	61
891	Bob	56
891	Alice	62
891	Charly	66
894	Hero	17
894	Charly	23
894	Alice	31
893	Alice	23
893	Bob	26
893	Hero	36
892	Alice	39
892	Bob	45
892	Hero	59
896	Charly	41
896	Bob	43
896	Hero	66
883	Hero	503
883	Bob	516
883	Charly	530
897	Alice	83
897	Charly	87
897	Hero	94
895	Charly	67
895	Bob	75
895	Hero	82
899	Charly	42
899	Alice	44
899	Bob	71
902	Charly	28
902	Alice	29
902	Hero	42
903	Charly	65
903	Hero	68
903	Bob	72
905	Bob	70
905	Charly	90
905	Hero	93
907	Alice	29
907	Charly	31
907	Bob	32
908	Charly	49
908	Bob	50
908	Alice	61
909	Bob	58
909	Charly	64
909	Hero	68
901	Alice	51
901	Bob	517
901	Hero	563
914	Alice	37
914	Hero	49
914	Charly	58
915	Bob	29
915	Hero	34
915	Charly	35
916	Bob	43
916	Alice	54
916	Hero	61
917	Charly	40
917	Hero	44
917	Alice	54
913	Bob	106
913	Alice	131
913	Hero	219
918	Charly	43
918	Hero	49
918	Bob	49
920	Hero	46
920	Alice	76
920	Bob	79
921	Alice	28
921	Bob	38
921	Hero	40
922	Alice	36
922	Hero	44
922	Bob	45
923	Charly	37
923	Alice	37
923	Hero	56
924	Charly	62
924	Alice	62
924	Bob	74
925	Charly	25
925	Bob	33
925	Hero	40
926	Charly	40
926	Hero	44
926	Bob	48
912	Alice	425
912	Bob	446
912	Hero	457
928	Charly	57
928	Hero	61
928	Alice	69
932	Bob	27
932	Charly	37
932	Hero	63
929	Hero	33
929	Charly	56
929	Bob	59
931	Hero	81
931	Alice	83
931	Charly	101
934	Bob	31
934	Alice	33
934	Hero	36
933	Hero	60
933	Charly	66
933	Bob	72
935	Bob	49
935	Alice	51
935	Charly	55
936	Charly	63
936	Alice	87
936	Bob	88
939	Alice	66
939	Hero	68
939	Bob	75
940	Bob	25
940	Charly	55
940	Hero	69
941	Hero	40
941	Bob	43
941	Charly	51
944	Bob	80
944	Alice	86
944	Charly	90
946	Hero	51
946	Bob	56
946	Charly	61
947	Charly	97
947	Hero	112
947	Alice	115
948	Hero	64
948	Alice	72
948	Bob	74
950	Charly	21
950	Hero	28
950	Alice	35
951	Hero	26
951	Bob	40
951	Alice	42
953	Bob	40
953	Charly	43
953	Alice	50
954	Bob	35
954	Charly	36
954	Hero	49
952	Charly	113
952	Hero	171
952	Bob	174
957	Hero	42
957	Alice	46
957	Bob	47
955	Charly	18
955	Bob	19
955	Hero	54
959	Charly	29
959	Bob	39
959	Hero	44
960	Alice	24
960	Charly	30
960	Bob	36
961	Alice	53
961	Charly	63
961	Bob	65
963	Bob	33
963	Alice	38
963	Charly	46
958	Hero	84
958	Charly	113
958	Alice	201
964	Alice	40
964	Bob	43
964	Hero	47
966	Alice	78
966	Hero	99
966	Bob	126
968	Bob	25
968	Charly	30
968	Hero	35
967	Charly	176
967	Bob	181
967	Alice	185
970	Hero	41
970	Charly	50
970	Alice	78
969	Alice	57
969	Bob	120
969	Charly	135
974	Charly	41
974	Alice	42
974	Bob	50
972	Bob	106
972	Hero	122
972	Charly	153
976	Charly	35
976	Alice	43
976	Hero	48
975	Charly	50
975	Bob	58
975	Hero	73
979	Charly	33
979	Hero	40
979	Alice	46
981	Bob	24
981	Alice	30
981	Charly	34
980	Hero	35
980	Charly	39
980	Bob	45
982	Bob	39
982	Alice	40
982	Charly	51
984	Alice	70
984	Bob	97
984	Charly	139
985	Hero	43
985	Charly	67
985	Bob	83
988	Charly	39
988	Hero	47
988	Bob	49
989	Bob	46
989	Alice	47
989	Hero	58
987	Alice	43
987	Hero	54
987	Charly	74
986	Alice	75
986	Hero	132
990	Alice	38
990	Charly	48
990	Hero	58
992	Bob	47
992	Charly	53
992	Hero	56
993	Hero	29
993	Alice	37
993	Charly	54
994	Charly	30
994	Hero	35
994	Bob	56
995	Bob	43
995	Charly	47
995	Alice	58
997	Bob	52
997	Hero	57
997	Charly	59
998	Bob	42
998	Hero	44
998	Alice	45
999	Bob	40
999	Charly	55
999	Alice	58
1000	Bob	38
1000	Hero	50
1000	Alice	56
